{
  "model_version": "v1.0.0",
  "timestamp": "2026-02-02T13:12:33.507502Z",
  "dataset_size": 50,
  "metrics": {
    "p@5": 0.018487394957983194,
    "p@10": 0.07436974789915966,
    "r@5": 0.02100840336134454,
    "r@10": 0.18928571428571428,
    "ndcg@5": 0.07330005237221489,
    "ndcg@10": 0.18916048803130148
  }
}