{
  "model_version": "v1.0.0",
  "timestamp": "2026-02-02T14:58:09.308619Z",
  "num_users_evaluated": 942,
  "metrics": {
    "p@5": 0.0029723991507430996,
    "p@10": 0.0020169851380042463,
    "r@5": 0.014861995753715499,
    "r@10": 0.020169851380042462,
    "ndcg@5": 0.010028321063776503,
    "ndcg@10": 0.011876943438298513
  }
}